ts-melanie;207
cherry-on-top99;171
tanaka-kawano;105
lyracr0w0-vip;104
jenns.2;91
the-greatest10;60
kit-kit;52
taboo-mom-bro-sis;43
amazing-sexy-kay;40
cheyenne-xoxo;37
lovely-mimi;36
juliaandrea.92;36
surfergirl.11;36
k-girl;34
andreita.30;32
bambi-skye;31
low-keydeadinside;29
ella-enchanted;28
latina;28
alice-ivy;27
autumn-kait;26
kiki-4-2-0;26
kindly;26
bella-wilson;24
tatted.jess.13;23
aunikaa.1;22
amberolsen-21;21
skyee.93;21
madison;19
chanxoxo-free;19
leyla-lia;18
shreds;18
viky-sxy;16
isla-moonfree;16
babysitter-jule;16
riley;16
clara-walker;15
taylored;15
isla-moon;14
hotwife-kate;13
summer-brookes;13
aleksei.11;13
angelina-lee;13
lil-braids;12
daisy-drew;12
noppv;12
jaki-senpai;12
carrot-cake;12
gfe-alice;12
lolabunny;12
sammi-starfish;12
hailey;11
only-miaharper;11
subby-bunny;11
sarah-wi-2002;11
maidofjade-xo;11
honey-lexixxx;11
artigs-education;11
jasmine-tea;10
riley-reign;10
notur-play-bunny;10
mirro.87;9
simply-sam;9
kawaii.kitsune.97;9
gfe-sophie;8
u-lucyuwu;8
victoria-peach;8
thickmommy.15;8
magic-mia;8
charl.20;7
stargirl.69;7
mag-oos;7
themiaj.47;7
maria-thick;7
sara-rose;7
luna-rexx;7
foreplay;7
monze.28;7
victoria;6
lola-sophie25;6
big-titty-tina;6
ftm-femboy;6
lapetite;6
athletoes-free;6
loulou-belle;6
jessa-hill;6
katie-nurse;6
gianna;5
kira-liv;5
mamabear-15;5
oc-girl;5
desiree;5
kasey-kay;5
sweetpeach-95;5
christen-rene;5
kaelyn;5
olive-garden-rat;5
morena-juice;5
carly-jane;5
mayra-ale;5
bella.mx-tj;5
kawaii-samaa;5
taste-kimtiddies;4
kimberlee;4
tallassgirl-free;4
april-rose;4
machi.003;4
chanel-brooke;4
mari-mari;4
elaine-dvs;4
porcelana;4
marie-xoxo;4
keepers;4
katherinne;4
waifuwu.22;4
lucia-lopez98;4
tenshi-oh;4
maledom;4
calista-melissa;4
deletable-purple-2;4
kadedavis-elite;4
queen-of-pattaya;4
princess-mono-hoe-ke;4
kay-love-fantasyfree;4
summerkiley.2;4
dysmorphia;3
sera-toni;3
xbabylu-premium;3
dana-adult-model;3
unashamed;3
penyrdgz.16;3
chloe;3
jenni-neidhart;3
mrmuscle;3
dalia-demirel;3
ava-grace;3
latina-milf;3
bbw-mom;3
raylee.42;3
bratty-painkiller;3
asian-good-girl;3
bambi-ambi;3
julia-taylor;3
brynn-lewis;3
fairyprincess.420;3
zoey.xxx.2020;3
lexi-lynn;3
misty-diva1;3
kayyytlin.09;3
candy-love;3
natalee;3
dollface-666;3
penny-mae;3
sandy_neko-chan;3
hails-xoxo;3
bianca-banks;3
alwayss-ana;3
thickness;3
amelia-wet-angel;3
ally-mae;3
savie;3
totolindo.3;3
perky-asian;3
pocahontas;3
nina-;2
victoria-kennedy;2
alina;2
chyna-doll;2
lovely-nova;2
goddess-mandy;2
ava-graceee;2
bad-bunny;2
kaykay.45;2
ruby-soho;2
angel.32;2
young-gill;2
xoxo.angel.2022;2
jannah.69ts;2
kaylee;2
tinytina2.o;2
princesschloe666.free;2
halolyne.27;2
elora-dior;2
cheekies-n-skeet;2
jenifer-caselles;2
mia-avalon;2
katiie;2
free-ash-marie;2
eliz;2
vore-acious-clips;2
fik-shun;2
southern-barbie;2
cheyenne-xoxofree;2
amanda-marie;2
oriola-yaya;2
sweetest-peach;2
smf.420;2
mature-hairy;2
soof-huang;2
latinooxl-2;2
hijabhunny-srs;2
emily-cute;2
just-peachyyy;2
bo-pp;2
eva-evergreene;2
blonde-baby1;2
xl-executive;2
kinky-husband-wife;2
mari.hot.21;2
ana-rose;2
little-red-ivy;2
chelle-smith;2
skylar-marie;2
joanna-offiziell;2
kelly-brook;2
violett-rose;2
julia;2
d-lo415;2
kirk-e-wood;2
sissy-pussy;2
cute-freak;1
u-inkuru;1
hotwife;1
sophia-savage-free;1
marin-egirl;1
free-mariabonita;1
queen-brii;1
siren-sin;1
oliviajames-02;1
cherry-babe;1
lala-marie;1
tokyo-yoshika;1
rachie.142;1
andrea;1
tasha;1
madi-xo;1
smashley.20;1
gym-princess;1
lovely-lila;1
the-goddess-clue-free;1
tomi-king;1
alipaolinetti;1
mystical-nana;1
sexy-lexy;1
neo.808;1
sum-buttcheeks;1
valkyrie-freya;1
cutipiemom-ashlee;1
noface-housewife;1
degradedsub-lexie;1
secretmistress-mallory;1
diosaera-zeus;1
juicy-lucie;1
modelos;1
juicy-jayna;1
gazelle;1
annamarie;1
hotwife-nextdoor;1
victoria-grace;1
daisy-girl-13;1
ashley-katelyn;1
nicki-the-peach;1
stefany-diaz-21;1
gypsyrose-805;1
queendrea.27;1
tayy.302;1
anais;1
bratty-sofia;1
honey-bunny;1
kellie-mimi;1
vanessa-marie;1
cassss.45;1
valentin.4;1
thegardenofedes.2;1
british-twinks;1
knockers;1
sexythangyang-free;1
krystal-price;1
re-neko;1
unknown-blondie;1
jenessagarza-69;1
favorita;1
scarlettrose;1
emma-leigh;1
candygirl.18;1
nova-nobu;1
peachy-penny;1
ambi-bambi;1
clementine-xox;1
miss-michelle;1
marii.marii.24;1
fitgirl.99;1
liv-a-little;1
the-milk-man;1
jess-lee;1
desus-dom;1
official-mylez;1
venus;1
katia;1
blueface-jp;1
hokulani-san;1
lacey-rae;1
lucyspades-censored;1
kimmie-haze;1
celestial-sunflower;1
aki-kitty;1
fabianacandy.15;1
peachprincess-free;1
acidchelle.0;1
nahomi.100;1
soyjazz.0;1
southern-sweetness;1
lea-lee;1
lexi-smith;1
sofie-nina;1
pamela.18;1
reina-sofia;1
victoria-vixen;1
dana-rose;1
mulatto.2;1
anna-luu;1
ichig0.xoxo;1
tiktok;2889
asian;2237
big-tits;1796
trans;1703
teen;1344
milf;923
youtube;515
blonde;428
amateur;422
cosplay;413
big-ass;251
tattoos;244
male;110
goth;94
brunette;65
ebony;61
couple-3;54
chubby;48
feet;33
twitter;28
pregnant;18
petite;17
tiktok-stars;1
ecuador;388
mexico;363
argentina;287
brazil;283
puerto-rico;277
belgium;264
venezuela;175
ukraine;147
dominican-republic;146
cuba;134
turkey;122
peru;113
central-african-republic;95
greece;73
el-salvador;53
honduras;48
costa-rica;46
thailand;40
france;35
nigeria;32
romania;31
japan;31
colombia;31
nicaragua;22
germany;18
guatemala;15
canada;14
sweden;10
netherlands;9
australia;7
norway;7
chile;6
vietnam;6
united-states;6
slovakia;5
south-africa;5
denmark;4
bolivia;4
croatia;3
singapore;3
paraguay;2
italy;2
czech-republic;2
united-arab-emirates;1
india;1
portugal;1
midget;2276
no-ppv;1437
mom-daughter;1337
granny;683
free-bbw;681
vietnamese;651
pregnant;618
blowjobs;569
indonesian;552
iowa;540
thick;517
lesbian;495
indian;468
japanese;454
femboy;454
ohio;448
north-dakota;437
carla-k;424
korean;421
nude;413
navajo;392
turkish;368
twerk;366
hmong;358
colombia;340
oklahoma;332
minnesota;326
cuckold;324
milf-and-gilf;322
redhead;314
idaho;303
twins;300
helen-ivy;294
anal;291
dominicana;287
twins-sisters;286
west-virginia-usa;284
wisconsin;283
gloryhole;256
free-asian;256
filipina;253
mature-milf-free;247
mommy;244
catgirls;243
el-paso-texas;240
native;237
chicago;234
cuckoldress;232
massage;231
lightskin;227
somali;226
skye;221
isabelle;219
indiana;214
new-jersey;214
michigan;212
spanking;210
big-titty-goth-gf;203
san-antonio;203
18-year-old;196
arkansas;195
bondage;193
massachusetts;178
saudi-arabia;177
ecuador;176
cougars;173
mexicana;171
cowgirl;160
lebanese;159
altoona;159
argentina;157
mexican;155
el-paso-tx;154
albuquerque;151
sexting;149
st-louis;149
snowbunny;149
giantess;147
nepa;146
louisville;144
indonesia;142
vermont;140
pantyhose;138
armenian;135
panties;134
logan;133
pennsylvania;133
gay;133
nebraska;131
illinois;130
new-mexico;130
philadelphia;130
connecticut;129
san-antonio-tx;129
cambodia;128
longisland;128
footjob;128
squirting-pussy;128
ashley;126
crossfit;126
radford;123
delaware;122
petite;122
swinger;121
wyoming;121
tina-diaz;119
fembot;119
saudi;118
tennessee-chattanooga;117
pittsburgh;117
boise-idaho;116
boston-massachusetts;114
twinks;110
alabama;109
chinese;108
tucson;106
muslim;106
boston;106
waifu;105
savannah;105
curvy-girl;105
south-carolina;105
kansas-city;105
phoenix;104
barista;104
ssbbw;103
honolulu;103
guatemala;103
austin-texas;103
bakersfield;102
trinidad;101
isla-moon;101
augusta-georgia;100
dallas-texas;99
pegging;98
mcallen-texas;98
puerto-rico;97
raven;97
persian;96
sierra;96
bbw;96
el-salvador;96
alaskan;95
oahu-hawaii;94
denver;93
san-diego;93
tennessee;93
dominican-republic;92
louisiana;91
arab-ts;91
rgv-tx;90
squirt-anal-deepthroat;90
ahegao;89
cuba;88
avery-leigh;88
taboo;88
rockford;86
manda;86
mandy;86
nj;85
missouri;84
jacksonville-fl;84
rochester;84
peruvian;83
fansly;82
grand-rapids-mi;82
spokane;80
maine;79
yakima;79
manchester-nh;79
kate;79
katrina;79
montana;79
wedgie;78
buffalo;77
visalia;77
stripper;77
10-no-ppv;76
knoxville;75
east-tennessee;74
monica;74
okc;74
orlando-fl;74
hawaii;74
new-orleans-louisiana;74
springfield-mo;73
hijab;73
sioux-falls-sd;73
ladyboy;72
south-dakota;72
asheville;72
cleveland;71
honduras;71
bayarea;71
hooters;71
las-cruces-new-mexico;71
polynesian;70
anchorage-alaska;70
omaha;70
hairy;69
nashville;69
milwaukee;69
zanesville-ohio;69
african;69
indianapolis;69
asianfeet;68
albania;68
index;66
oregon;66
grandma;65
cincinnati;65
roanoke;65
wilmington-nc;65
natasha;64
bisexual;64
face-sitting;64
upstate;64
san-jose-ca;64
monroe-louisiana;64
owensboro;63
blowjob;63
texas;63
fresno;62
evansville;62
filipino;61
reno-nevada;61
brooklyn;61
new-b-g-content-dropping;60
wheelchair;60
york-pa;60
gordita;60
stockings;60
toledo;60
handjob;60
virginia-beach;59
masturbating;59
colorado-springs;59
venezuela;59
feedee;58
laredo-tx;58
cheyenne-wyoming;57
charlotte-nc;57
tulsa;56
black;56
long-island-ny;56
milking;56
farm;54
phoenix-az;54
mature-mom;54
myrtle-beach;54
seattle;53
lincoln-nebraska;53
texarkana;53
maryland;53
athena;52
rochester-ny;52
lebanon;51
lancaster-pa;51
portland-or;51
bengali;51
kokomo;51
lactating;51
binghamton-ny;50
sophia;50
pakistani;50
syracuse;50
augusta;50
tampa;50
lubbock;50
rhode-island;49
houston-tx;49
cum-sluts;49
latino;49
port-huron-mi;49
brittany;48
erie-pa;48
smoking;48
spokane-wa;48
baltimore;48
mom-free;48
san-diego-california;48
waco-tx;47
fort-worth-tx;46
sissy-and-mistress;46
rockford-il-usa;46
santa-barbara;46
ebony;46
jamestown;46
pornhub;45
parkersburg-wv;45
elmira-ny;44
collabs-meetups;44
sisters;44
kentucky;44
punjabi;44
gym;44
hickory-nc;44
kauai;44
stepdaughter;43
columbus-ga;43
witch;43
georgia;43
kansas;43
busty;43
minneapolis;43
dmv;42
jersey-shore;42
wichita-falls;42
guam;42
559;42
duluth;42
charleston;42
vip;42
nashville-tn;42
wichita;41
fargo;41
grand-rapids-michigan;41
panty;41
mississippi;41
north-carolina-usa;41
sarasota;41
corpus;40
krista;40
washington-state;39
lexington-kentucky;39
dirty;39
chattanooga-tn;39
staten-island-new-york;39
lynchburg;39
cheerleader;38
956;38
new-orleans;38
redding-california;38
nicole-tv;38
huntington-wv;37
the-bay-area-california;37
st-louis-mo;37
albanian;36
the-trap;36
springfield-il;36
van-life;36
morgantown;36
santa-rosa;36
lancaster;36
peoria-il;36
dayton-ohio;36
sofia;35
ashlyn;35
savannah-georgia;35
oxnard;35
outside;35
sofie;35
memphis;35
salt-lake-city;35
squirting;35
sheboygan-so;34
palestine;34
west-monroe-la;34
curly-and-curvy;34
cuckquean;34
toledo-ohio;34
moroccan;34
auburn-al;34
jamaican;34
taiwan;34
nerdy;34
southern-new-jersey;34
haiti;34
716;34
washington-dc;34
denver-co;34
mexicali;34
south-texas;34
voyeur;34
las-cruces;34
omaha-ne;34
peach;34
izzy;34
joplin;34
fsu;34
evelyn-malee;34
johnstown-pa;34
marion;34
sextape;34
strawberry;34
brownsville-tx;34
watertown;34
indianapolis-in;34
upstate-ny;33
san-jose;33
modesto;33
nipple;33
pueblo-colorado;33
poland;32
crossdresser;32
nicole-brooks;32
yuma-az;32
dallas;32
tyler-texas;31
gainesville-fl;31
tennessee-usa;31
college;31
huntsville-al;31
johnson-city-tn;31
turkiye;31
madison-wi;31
baton-rouge;31
kenosha;31
colorado-springs-co;31
san-angelo-texas;31
kitty;31
springfield-illinois;31
tattoo-milf;31
southern-illinois;31
stockton-ca;31
baltimore-md;30
providence-ri;30
tacoma-washington;30
dick-ratingdeals;30
las-vegas;30
amputee;29
eau-claire;29
israel;29
albany-ny;29
rochester-mn;29
tallahassee;29
east-texas;29
alyssa;29
sara;28
doggystyle;28
richmond-va;28
shreveport;28
virginia;28
raleigh;28
myrtle-beach-sc;28
greenville-sc;28
southwest-virginia;28
davenport-iowa;28
callie;27
indianapolis.%20IN;27
traverse-city;27
bronx;27
maui-hawaii;27
memphis-tn;27
military;27
waterloo-iowa;27
terre-haute-in;27
va-757;27
south-georgia;27
england-uk;27
longview;27
penn-state;27
tri-cities-washington;27
sioux-city-ia;27
muskegon;27
cape-cod;27
bellafox-tv;27
philly;27
rapid-city-sd;27
goddess;27
yourstep-mom;27
lafayette-indiana;27
roseburg-or;27
charleston-south-carolina;26
des-moines-iowa;26
ukraine;26
pennsylvania-usa;26
elmira;26
lawton;26
orlando;26
ruby;26
staten-island-ny;26
stepsister;26
evansville-in;26
fitnessmodel;25
lacey-baker;25
barelylegal;25
anna-ruka;25
orgasm;25
ebonyfeet;25
country-girl-wild;25
babydoll-22;25
becky-wood;24
dubuque-ia;24
cortland-ny;24
fort-myers-florida;24
mistress;24
bodybuilding;24
nikki;24
destiny;24
reddit;23
lafayette-louisiana;23
croatia;23
idaho-falls-idaho;23
bismarck;23
odessa-tx;22
chillicothe-ohio;22
Green%20Bay;22
fayetteville;22
buffalo-ny;22
throat;22
pensacola-fl;22
danville;22
mother-daughter;22
billings-mt-usa;22
518;22
wetkitty;22
harmony;22
bimbo;22
lima-ohio;22
lake-charles;22
killeen-texas;22
queens-nyc;22
housewife;22
cedar-rapids-ia;22
abilene-tx;22
legging;22
sizequeen;22
romania;22
quincy-illinois;22
syracuse-ny;22
wichita-kansas;22
malaysia;22
oswego;22
roswell-new-mexico;22
fall-river-mass;22
midland-tx;22
midwest;22
upskirt;22
salinas-ca;22
bowling-green-ky;22
bismarck-nd;22
ciudad-juarez;21
tijuana;21
brooklyn-ny;21
samantha-ava;21
grace;21
italian;21
hijabi;21
modesto-california;20
new-haven-ct;20
queen-of-joi;20
hannah;20
austin;20
ocala-fl;20
latina-madura;20
richmond;20
akron;20
eugene-oregon;20
anchorage;20
columbia-sc;19
fairy;19
malaysian;19
naples-florida;19
sophia-bunni;19
warren-pa;19
dick-rating;19
throat-goat;19
soph-bunni;19
waco;19
swedish;19
cheating-hotwife-onlyfan;19
peoria;19
clarksville;19
lansing-michigan;19
cookeville;19
braces-fetish;19
cheekie;18
lola;18
curly;18
fresno-ca;18
guatemala-city;18
baton-rouge-louisiana;18
chastity;18
springfield-missouri;18
jenna;18
raleigh-north-carolina;18
ellie;18
bulgaria;18
polka;18
wichita-falls-texas;18
nerdygirl;18
mistress-mac;18
auburn;18
morocco;18
tallahassee-florida;18
latex;18
Marion%20ohio;18
quad-cities-iowa-and-illinois;18
mckenzie;18
shelby;17
Nepal;17
dayton;17
831;17
lancaster-ohio;17
hamilton-oh;17
cumming;17
butler;17
jamaica;17
ainsley;17
tuscaloosa;17
yuma-azimages;17
tiffany-1993;17
cosplay-onlyfans;17
san-angelo;17
central-illinois;17
small;17
atlanta;17
a-unrated;17
starwars;17
rome-ga;17
findlay-oh;17
port-angeles-wa;17
singapore;17
humboldt;17
rayne;17
springfield-ohio-columbus-ohio;17
crawfordsville;17
fisting;17
lexxxi;17
witching;17
huntington;17
gainesville;17
slo-ca;16
mcallen;16
aliya-ivy;16
skylar;16
brownsville-texas;16
tacoma;16
girth-quakez;16
spanish;16
pakistan;15
amber;15
silicone-babe;15
fort-myers-fl;15
mely-melissa;15
baddie;15
brothers;15
huntsville-alabama;15
pau-blaz;14
salem-oregon;14
syrian;14
local;14
honey-bb;14
jessa-hill;14
bronx-new-york;14
north-carolina;14
leila;14
maui-hi;14
della;14
sofia-sofia;14
bellingham;14
veronica;14
blackgirl;14
pacific-northwest;14
panama-city-beach-fl;14
alex-joy;14
757;14
london-ky;14
canton-ohio;14
louisville-ky;14
blue-hair;14
gillette;14
lawton-oklahoma;14
medellin-colombia;14
harlingen;13
yumi-kiwi;13
eugene;13
genesis;13
nicole;13
mobile-alabama;13
twin-peaks;13
albany;13
anna-spase;13
thick-latina;13
lea-lane;13
sneaky;13
geneve;13
tessa;13
palm-springs-california;12
209;12
atx;12
maggie;12
canaria;12
casal;12
decatur;12
woodland;12
waukegan-il;12
lakeland;12
o-kxxx;12
clarksville-tn;12
kiana;12
delco;12
greenville;12
allentown;12
marquette;12
cumberland-md;12
ana-tennis;12
defiance-oh;12
jacksonville-nc;12
columbia-south-carolina;12
morristown;12
columbia-missouri;12
athens-ga;12
kingsport-tn;12
vancouver-wa;12
bailey;12
candid;12
lowell;12
gangbang;11
winston-salem-nc;11
sacramento;11
somerset;11
new-york-nyc;11
whitney-mae;11
athena-rayne;11
felton;11
albuquerque-nm;11
altoona-pa;11
scotland;11
reading-pa;11
marine;11
colorado-springs-colorado;11
odessa;11
polish;11
ava;11
lincoln-ne;11
miss-meringue;11
kalamazoo;11
roanoke-va;11
killeen-tx;11
northern-michigan;11
gainesville-florida;11
redding-ca;11
Longview%20Wa;11
columbus;11
cedar-rapids;11
milff-mariee;11
laurie;11
nasty-girls;11
roswell;11
selena-brown;11
quincy;11
abilene;11
nky;11
big-420;10
alexxx;10
bangor;10
adriana;10
jillian;10
nature;10
ariel_you-want;10
karla;10
anastasia;10
your-brat;9
cookeville-tn;9
inflated;9
san-bernardino-california;9
o-booty;9
grand-junction;9
beckley-wv;9
monterrey;9
brownsville;9
mali-mccarthy;9
simp-city;9
panama;9
rome-georgia;9
submissive;9
amarillo-texas;9
salt-lake-city-ut;9
tina-420;9
lola-mckenzie;9
jackson-tennessee;9
priya;9
farmington;9
medford-or;9
barbiee-v1;9
sylvia;9
river;9
fort-wayne;9
great-falls-montana;9
paducah-kentucky;9
daytona-beach-fl;9
jessica-lynn8;9
kinkiest;9
cd;9
laredo-texas;9
bbw-mom-free;9
sloanb-free;9
palm-beach-fl;9
kimberly;9
bellingham-washington;9
keene-nh;9
waxing;9
merced;9
sandpoint-idaho;9
columbus-indiana;9
portland;9
cd-juarez;9
of-blue;9
mansfield-ohio;9
longview-tx;9
amalia-garcia;9
tampa-fl;9
savannah-ga;9
mansfield;9
ashland-ky;9
charleston-wv;9
hamilton-ohio;9
nwi;8
emma-louise;8
jenny;8
ashley-rose;8
santa-clarita;8
tucson-arizona;8
alexxxis;8
free-curvy-mombod;8
a-clare;8
autumn;8
freckled;8
luisa;8
scranton;8
tiny;8
southern-milf;8
naughty-ivana;8
williamsport-pa;8
lucylou;8
warner-robins;8
aurora;7
creamy;7
hung;7
717;7
mian-of;7
brianna;7
muncie-indiana;7
amarillo;7
dad-bod-93;7
minx;7
anderson-sc;7
gigi-elle;7
fredericksburg;7
fort-lauderdale;7
kerrville;7
belinda;7
brock-cok;7
dubai;7
blonde;7
nance-do;7
lock-haven;7
raine;7
albany-ga;7
victoria-rose;7
sasha;7
Traverse%20City;7
champaign;7
clare-a;7
juneau-ak;7
portsmouth;7
therapy;7
port-saint-lucie;7
ucrania;7
naughty;7
topeka;7
iraqi;7
florence-ky;7
yourdreamgirl;7
pensacola-florida;7
springfield-ma;7
marilyn-monrose;7
new-bedford-ma;7
Piqua;7
such-a-sweetheart;7
its-amyrose;7
saint-augustine-florida;7
girl-next-door;7
bremerton;7
rusty;7
slutty;7
doll;7
joliet-il;7
muskogee;7
hentai;7
rachel-williams;7
calista;7
nova;7
marietta;7
palmdale;7
norwegian;7
swallowing-your-cum;7
wv;7
nw-indiana;7
lewiston;7
bloomington-indiana;7
homemade;7
newark;7
aiken;7
from-heaven;7
peach-xxxxx;6
santa-cruz;6
the-wrong-side-of-heaven;6
olivia-love;6
tight-pussy;6
Greenville%20nc;6
Malibu;6
macon;6
lakeland-fl;6
sabrina;6
tiger-queen;6
yuba-city;6
a-riannamaria;6
freaky-n-fun;6
panama-city;6
lowell-ma;6
eden-may;6
seancody;6
syria;6
ashleymarie;6
cardo;6
sumbaby2-0;6
taylor-marie;6
fiery-ginger;6
ig-babygirlhazel;6
destiny-rose;6
lily;6
jam-me;6
cum;6
fit-hotwife;6
courtney-foxx;6
candids;6
kingsville;6
medellin;6
lorelei;6
sydney-australia;6
c-crow;6
cheeky-nurse;6
brandi;6
ireland;6
princess-jasmine;6
ashley-marie-model;6
jade-evans;6
palm-springs;6
ms-juicybooty;6
islas-canarias;6
ae-thai;6
allentown-pennsylvania;6
greensboro;6
tokyo;6
poison-ivy;5
sexy-lexi;5
carl-laa;5
rose-anna;5
little-rock-arkansas;5
college-station;5
philippines;5
420;5
Great%20falls;5
catracha;5
mexicali-bc;5
grand-junction-colorado;5
henderson;5
pennylane;5
beckley;5
juiicy-a;5
bullhead-city-arizona;5
jackson-tn;5
raylene;5
jaelynn;5
farmgirl;5
jessica;5
amira-assia;5
mn;5
monterrey-nuevo-leon;5
goldie-watt;5
scarlett-kiss;5
netherlands;5
merced-ca;5
virgin;5
camgirls;5
west-palm-beach;5
san-bernardino;5
medford;5
jackson-mi;5
i-live-in-columbus-indiana;5
mirro-87;5
misty;5
roma-lazio;5
harrisburg;5
hailey;5
m-thando;5
a-joy;5
lex-jayne;5
elizabeth;5
youngstown-ohio;5
kt-so;5
des-moines-ia;5
lils-effy;5
im-amelia;5
lily-wilson;5
cassidy;5
riding;5
middle;5
riri-ximages;5
tittytuesday;5
daytona-beach;5
icarley6-9;5
iam-medusa;5
missouri-usa;5
libby;4
cali;4
moriah;4
bellababy;4
ashley-brooke;4
meredith;4
anika;4
peaches;4
kittyboo;4
perv-mom;4
saraaa-a222;4
macy-sadler;4
makayla;4
onlyfeet;4
tongue;4
taste-of-heaven;4
caleb;4
thaigirl;4
yuma-arizona;4
empress-lexx;4
brye-xo;4
bunny-rose;4
ya-stacey;4
lunaaa-bbby;4
queen-of-spades;4
mount-vernon-wa;4
t-candy;4
june-summers;4
sidney;4
karina;4
thailand-pattaya;4
onlyfans-nastya;4
amethyst;4
aly-simmons;4
gilbert-arizona;4
eve-222;4
sexygirl-1;4
olivia-hansen26;4
The%20Boobs%20Realm;4
emily-rose;4
Canada%20%2F%20403;4
greece;4
jodie-bell;4
avocado;4
neeko;4
backshots;4
winnie;4
greensboro-nc;4
shyna-ari;4
cubby-bear;4
kaiyana-moon;4
nadia;4
chola;4
shayna;4
callie-rose;4
lil-sn00p;4
jocelyn;4
ellie-may;4
boots;4
chantel;3
ella-rose;3
swingers;3
tanya-kitsune;3
paige-summers;3
marlen;3
playhouse;3
paraguay;3
kimmy;3
halsey;3
swang;3
ash;3
issa-reed;3
warner-robins-ga;3
littlered;3
joliet-illinois;3
somerville;3
emma-lvx;3
sorry-mom;3
pinay;3
candy;3
mexicali-baja-california-mexico;3
mindi;3
ashley-marie;3
plymouth;3
b-moniquee;3
madison-wisconsin;3
arizona;3
jessie;3
san-pornando-valley-ca;3
chanel;3
xo-mic;3
megan-wild;3
eve;3
casey;3
Mcallen;3
buttercup;3
worcester;3
tootie;3
ashley-nicole;3
bolton;3
kim-possible;3
all-over-the-map;3
jasmine-rose;3
yomomma-com;3
mama-bare;3
tilly;3
elkhart;3
that-foreign;3
handstand-goddess;3
hailey-chew;3
holly;3
morena;3
clarita;3
piqua;3
ashton;3
victoria;3
emily-babe;3
off-grid;3
claudia;3
beautiful-angel;3
kathy;3
torrington;3
at-rachel;3
onlyfeets;3
peyton;3
jazmine;3
shelbi;3
sophie;3
faye;3
erin-alycia;3
ms-sethi;3
maggie-may;3
stacy;3
patricia;3
twitch;3
switch-pixie;3
port-st-lucie;3
kuromi;3
rissa;3
leanne;3
dana;3
aaliyah;3
eastern-kentucky;3
mermaid-mo;3
laurel;3
kels;3
iam-pandoraaa;3
m-winter;3
ariana-valentina;3
butthole;3
anika-skye;3
dalton-georgia;3
carnal-captures;3
ocala-florida;3
ivy;3
bloomington-in;3
suicidegirls.com;3
manic-pixie;3
girl_next-door;3
bunnyland;3
strawberii-milk;3
russian;3
bremerton-washington;3
hrvatska;3
stripchat;3
melina-mcr;3
ga-peach;3
b-kiara;3
muscle;3
lock-haven-pa;3
north-west-uk;3
upper-michigan;3
rylee;3
snook;3
amarillo-tx;3
aliya-kiss;3
perky;3
kaylee;3
kerrville-tx;3
danish;3
brenda;3
chubby-milf;3
silky-skins;3
aiken-sc;3
brownskin;2
alanna;2
lindsay;2
mikaylah;2
taylor-jx;2
inga-today;2
sara-love01;2
bad-bella;2
elizabeth-raee;2
ela-miranda;2
green-eyed;2
chaturbate;2
lilly-licksu;2
misaki;2
faith;2
rayray;2
meg-mark;2
baylor;2
santander;2
poema;2
evesss-408;2
yourdreamgirl2-0;2
honey-babyximages;2
sammy;2
nagoya;2
playmate-02;2
%F0%9F%93%8DIn%20your%20filthy%20fantasies%F0%9F%92%9C;2
Cruella;2
ebony-onlyfans;2
northern-va;2
workout;2
saturnalia-lee;2
sloppy;2
peachy-fans;2
heather;2
j-phattie;2
hannah-g;2
lansing;2
lux;2
chelsea-leigh;2
mariah;2
florianopolis-santa-catarina;2
spicy-redheadd;2
casper-wy;2
sweet-feet4u;2
wifey;2
raven-hart;2
aliyah;2
tiffanies-toes;2
artemis;2
free-wet-pussy;2
sunshine-xo;2
donna;2
almeida;2
caribbean;2
katykat;2
siren;2
av.%20norte%20100;2
kierra;2
claudine;2
your-best-girlfriend;2
your-favorite-secret;2
missd;2
loving-selena;2
justpeachy-100;2
sexy-spice;2
disorder;2
beanz;2
Grand%20Forks;2
lisa-marieimages;2
reese;2
antonella;2
amina;2
no-face-couple;2
ana;2
railey-dieselimages;2
swagger;2
kailey;2
catrina;2
annalise;2
miss-minaaxo;2
sansa;2
katie-wild03;2
gainer;2
sonya;2
dayana;2
baby-cin;2
miss-minaaxodeals;2
ann-r;2
cherrybomb;2
trixie-steele;2
charity;2
persian-muffins;2
wasilla-ak;2
carissa;2
sydney;2
jewish-princess;2
bathtub;2
gemma;2
houston;2
carson;2
jennifer;2
kinky-pup_12;2
valentina-lavida;2
becca;2
rubyred;2
sunflower;2
scarlett-rose;2
kaylamarie;2
squirt-goddess;2
pfp-by-lavelis_;2
v-boudoir;2
erotic;2
heidi;2
vickki-ts;2
prison;2
selena;2
mc-rebecca;2
savannah-lee;2
searching-for-boyfriend;2
lindsey;2
bailey-madison;2
zinnia;2
lydia-rose;2
xxx-k;2
raquel;2
kittykat-2020;2
bambi-lexy;2
islander;2
skywalker;2
itss-mwah;2
nayeli;2
jackie-ohh;2
thats-so-rae;2
taiga;2
2%20miles%20from%20your%20position;2
dea;2
birmingham-alabama;2
kittybaby;2
sky-fontaine;2
splash-mountain;2
saniah-xo;2
glasses;2
alice-hannah;2
scarlett;2
brea-aa;2
smittenkitten;2
granby;2
in-your-eyes;2
onlyfans-creampie;2
leilani;2
berwick;2
remi-reyes;2
lexington-ky;2
julia-502;2
linny;1
janice;1
maddison-rose;1
oceane;1
z-annemarie;1
mexico-city;1
vod-k;1
lexy-xx;1
amelia;1
contortion;1
alexa;1
nathan;1
scandinavian;1
aspen-rain;1
cougar;1
anthony;1
tia-maria;1
sage-nova;1
booty-barbie;1
bibi-cherri;1
taylor-mae;1
ellie-jelly;1
caitlin;1
gingersnap;1
caterina-rx;1
silverfox;1
brit-brat;1
violet-sky;1
steph;1
alysia;1
brazil;1
trinity;1
kenzo-k;1
amber-nicole;1
shawnee;1
vibrator;1
emmaleigh;1
jayden;1
perkins;1
collaborations;1
celine;1
blair-jade;1
milf-mountain;1
blonde-barbie;1
vanessa-liberte;1
isabela-ramirez;1
ishtar;1
ksenia;1
camille;1
scottish;1
Fox%20Forest;1
antonia-freda;1
dani-cake-s;1
your-dream;1
amalia;1
annika;1
atlantis;1
white;1
roxy-babyy;1
rosemarie;1
michele;1
hail-lydia;1
kk.2690;1
kawaii;1
violetta;1
zurich;1
sammie;1
Hell's%20Kitchen;1
bad-kitty;1
bxby-anna;1
farah;1
ella-belle;1
ela-m1111;1
vivian;1
amy-miriam;1
leilani-lotus;1
riri-x;1
birmingham-al;1
skype;1
lolab;1
katiebug;1
jamie-lee;1
linnea;1
angelina;1
mariah-xrg;1
madeline;1
stephanie;1
nicole-curtis;1
cartagena;1
senpai-kai;1
booty-and-the-beast;1
tyler-james;1
bwc;1
southern-girl;1
fit-blonde;1
fit-miley;1
blondebombshell;1
mae;1
sara-sky;1
naomi;1
anna-bella;1
nurse;1
your-hand;1
gabriela-bianca;1
marielove;1
scarlet;1
reno-nv;1
annelise;1
indio;1
bbygirl-mari;1
kitkat;1
ariya-ray;1
kbass2-0;1
only-bree;1
melbourne-australia;1
kali;1
vvs-diamonds;1
lena;1
in-the-country-and-free;1
ms-sancha;1
emy-luv;1
lillie;1
chatsworth;1
carlita;1
latinas;1
spanishmami;1
kenzie;1
i-natalia;1
remember;1
kittyk;1
curvy-mommy;1
penelope-rose;1
gringa;1
salinas;1
ybn-zell;1
red-rutland;1
bat-cave;1
annalisa;1
Port%20hope%20Ontario;1
ashley-rae;1
lisa-marie;1
oksana;1
taylor-marieimages;1
jersey;1
cutie-claire;1
willow-deean;1
may-bee;1
caressaxo-free;1
adrianna;1
tsuki-neko;1
prettii-denaii;1
devon;1
lexi-rae;1
lilli-vanilli;1
kianna;1
honeyd;1
mancini;1
cassiopeia;1
nymph;1
ellebelle;1
loveless;1
stacys-mom;1
christina;1
ryan-kaoud;1
dm-for-custom-video;1
midwest-gal;1
ink-heart;1
arianna;1
sandycheeks;1
britt;1
viking-goddess;1
hertfordshire;1
kassandra;1
ale-jnilu1227;1
ig-bb_zeta-twitter-zeta_bb_;1
juicy-justine;1
twitch.tv%2Ftheoppaiprincess;1
selina;1
lilly-white1;1
ariane;1
nessy;1
nanaimo;1
x-xpeachy;1
sunshine-babe;1
bremen;1
aries-brat;1
follow;1
chanel-brooks;1
tgirl;1
ginger-ed;1
raindrop;1
zelda;1
laylaa-bby;1
5-miles-away;1
sara-boyd;1
yami-tv;1
babyjay-00;1
coryn-x;1
NERVERLAND%E2%9C%A8;1
boliviana-mimi;1
trixie-belle;1
julissa;1
nominal-naomi;1
honey;1
beba-ivy;1
mae-onlyfans888;1
ruby-dawn;1
karlee;1
amberlynn;1
mandz-sgh;1
coeur-d-alene-idaho;1
gauge;1
hinata;1
imogen;1
jessi-luv;1
shaylynn;1
wisco;1
rva;1
bellerose;1
sofie-nina;1
tasty-cinnamon;1
jessica-jones;1
richmond-ky;1
chloe-ayling;1
noemie;1
amb-jess;1
lola-moon;1
sabrina-skyee;1
nola;1
your-thick-girlfriend;1
melrose;1
kaylin;1
vanna;1
caitlyn;1
nickii;1
terra;1
warner;1
kaitlynn;1
katy-tx;1
behind-the-sun;1
pedro;1
kristen;1
talyn;1
queen-luna;1
karlee-steel;1
luke-londonxxx;1
michigan-mami;1
sarah-jay;1
lewiston-maine;1
katie-daily;1
northern-california;1
tianna;1
haylee;1
jess-kay;1
guanajuato;1
nyc-nj-fl;1
kenna;1
babyface;1
down-there;1
daddy;1
nina-star-xxx;1
thailand;1
panos-greek;1
homies;1
bridget;1
mochi;1
nicole-wright;1
charlotte-melai;1
clarissa;1
deshay;1
samara;1
sweetcheeks;1
lapatrona;1
chelsey;1
genevieve;1
where-the-fun-is;1
blondebarbie;1
sarebear;1
t-bonez;1
turkish-girl;1
bearded-bear;1
annemarie;1
marley;1
villavicencio;1
kaylynn;1
